City_ID,City,Country,Lat,Lng,Max Temp,Humidity,Cloudiness,Wind Speed,Current Description
0,Ushuaia,AR,-54.8,-68.3,29.86,93,100,19.57,heavy snow
1,Tuktoyaktuk,CA,69.4541,-133.0374,51.8,93,100,6.91,overcast clouds
2,Vaini,TO,-21.2,-175.2,74.01,75,5,9.33,clear sky
3,Albany,US,42.6001,-73.9662,88.68,64,8,1.01,clear sky
4,Yellowknife,CA,62.456,-114.3525,63.12,55,20,5.99,few clouds
5,Busselton,AU,-33.65,115.3333,56.7,75,75,10.92,broken clouds
6,Thompson,CA,55.7435,-97.8558,60.96,94,100,9.22,overcast clouds
7,Olinda,BR,-8.0089,-34.8553,73.13,94,75,9.22,broken clouds
8,Clyde River,CA,70.4692,-68.5914,39.43,93,100,16.11,light rain
9,Karratha,AU,-20.7377,116.8463,71.42,82,1,7.47,clear sky
10,Port Alfred,ZA,-33.5906,26.891,58.17,78,0,8.72,clear sky
11,Kapaa,US,22.0752,-159.319,80.19,81,100,19.57,light rain
12,Ust-Maya,RU,60.4167,134.5333,65.21,73,100,3.24,overcast clouds
13,Bluff,NZ,-46.6,168.3333,40.8,79,98,7.83,overcast clouds
14,Nikolskoye,RU,59.7035,30.7861,82.87,50,0,4.09,clear sky
15,Noyon,FR,49.5833,3.0,81.25,51,94,9.37,overcast clouds
16,San Quintin,MX,30.4833,-115.95,71.69,75,100,9.98,overcast clouds
17,Ilulissat,GL,69.2167,-51.1,62.62,48,75,10.36,broken clouds
18,Hilo,US,19.7297,-155.09,73.27,99,62,3.0,moderate rain
19,Iqaluit,CA,63.7506,-68.5145,38.93,100,100,8.05,light intensity drizzle
20,Nara,JP,34.6851,135.8049,79.5,69,87,0.69,overcast clouds
21,Fort-Shevchenko,KZ,44.5086,50.263,77.36,68,63,22.19,broken clouds
22,Hami,CN,42.8,93.45,78.66,21,0,2.17,clear sky
23,Chuy,UY,-33.6971,-53.4616,64.0,85,100,8.77,overcast clouds
24,Provideniya,RU,64.3833,-173.3,39.76,77,99,9.93,overcast clouds
25,Saint-Philippe,RE,-21.3585,55.7679,69.39,78,54,16.73,light rain
26,Karpathos,GR,35.507,27.2132,76.96,69,0,33.38,clear sky
27,Jamestown,US,42.097,-79.2353,79.02,74,100,14.97,overcast clouds
28,Hasaki,JP,35.7333,140.8333,79.29,91,100,13.6,overcast clouds
29,Mataura,NZ,-46.1927,168.8643,40.48,95,100,1.79,overcast clouds
30,Alexandria,EG,31.2156,29.9553,80.01,61,0,16.53,clear sky
31,Sivas,TR,39.7916,37.0019,63.23,63,40,18.41,scattered clouds
32,Puerto Triunfo,CO,5.8726,-74.6403,87.37,52,99,2.08,overcast clouds
33,Haines Junction,CA,60.7522,-137.5108,46.56,79,96,3.4,overcast clouds
34,Puerto Ayora,EC,-0.7393,-90.3518,73.36,92,84,7.0,broken clouds
35,Puerto Leguizamo,CO,-0.1934,-74.7819,77.25,79,99,1.59,overcast clouds
36,Meulaboh,ID,4.1363,96.1285,78.49,83,100,4.97,heavy intensity rain
37,Atuona,PF,-9.8,-139.0333,77.13,76,13,15.7,few clouds
38,Noyabrsk,RU,63.1994,75.4507,53.94,66,99,11.34,overcast clouds
39,Pemangkat,ID,1.1667,108.9667,79.88,83,69,7.72,broken clouds
40,Shizunai,JP,42.3339,142.3669,65.44,94,26,5.73,scattered clouds
41,Salalah,OM,17.0151,54.0924,77.09,94,100,8.05,overcast clouds
42,Kupang,ID,-10.1667,123.5833,75.25,79,13,12.57,few clouds
43,Nanortalik,GL,60.1432,-45.2371,52.27,74,7,14.5,clear sky
44,Srednekolymsk,RU,67.45,153.6833,41.59,54,18,6.02,few clouds
45,Bathsheba,BB,13.2167,-59.5167,88.41,83,75,27.63,broken clouds
46,Banda Aceh,ID,5.5577,95.3222,81.14,76,100,7.23,overcast clouds
47,Talcahuano,CL,-36.7167,-73.1167,51.48,100,100,2.3,overcast clouds
48,Sorland,NO,67.667,12.6934,53.98,92,100,18.12,overcast clouds
49,Rikitea,PF,-23.1203,-134.9692,74.32,73,21,10.07,few clouds
50,Fukue,JP,32.6881,128.8419,77.74,79,85,16.35,overcast clouds
51,Ribeira Grande,PT,38.5167,-28.7,75.6,83,20,8.05,few clouds
52,Nome,US,64.5011,-165.4064,46.47,93,100,3.44,overcast clouds
53,Mehamn,NO,71.0357,27.8492,60.75,77,0,1.14,light rain
54,Pingzhuang,CN,42.0372,119.2889,69.93,73,45,1.48,scattered clouds
55,Hobart,AU,-42.8794,147.3294,40.26,90,0,1.01,clear sky
56,Coracora,PE,-15.0333,-73.7833,65.07,18,19,2.53,few clouds
57,Carnarvon,AU,-24.8667,113.6333,66.76,63,85,15.3,overcast clouds
58,Miri,MY,4.4148,114.0089,80.74,94,20,2.3,few clouds
59,Punta Arenas,CL,-53.15,-70.9167,33.91,86,20,17.27,few clouds
60,Cape Town,ZA,-33.9258,18.4232,61.27,73,0,9.22,clear sky
61,Cherskiy,RU,68.75,161.3,32.38,94,13,10.58,few clouds
62,Dalbandin,PK,28.8947,64.4101,99.95,14,56,4.76,broken clouds
63,Kysyl-Syr,RU,63.8986,122.7617,61.2,99,100,6.73,overcast clouds
64,Rehoboth,NA,-23.3167,17.0833,67.42,18,0,7.36,clear sky
65,Luangwa,ZM,-15.6167,30.4167,74.71,50,6,8.28,clear sky
66,Marawi,PH,7.9986,124.2928,69.06,94,100,1.72,overcast clouds
67,Siderno,IT,38.2779,16.302,86.81,45,4,3.67,clear sky
68,Tasiilaq,GL,65.6145,-37.6368,39.36,72,91,3.15,overcast clouds
69,Leningradskiy,RU,69.3833,178.4167,33.42,98,100,13.58,light snow
70,Baherden,TM,38.4362,57.4316,97.9,10,0,4.41,clear sky
71,Hermanus,ZA,-34.4187,19.2345,54.21,75,36,1.3,scattered clouds
72,Sioux Lookout,CA,50.1001,-91.917,69.87,64,20,9.22,few clouds
73,Ust-Nera,RU,64.5667,143.2,52.72,84,25,6.87,scattered clouds
74,Georgetown,MY,5.4112,100.3354,83.89,85,20,1.14,few clouds
75,Kahului,US,20.8947,-156.47,73.42,78,100,13.8,overcast clouds
76,Katsuura,JP,35.1333,140.3,77.77,94,100,13.22,overcast clouds
77,New Norfolk,AU,-42.7826,147.0587,39.9,82,0,2.93,clear sky
78,Flin Flon,CA,54.7682,-101.865,64.24,59,75,16.11,broken clouds
79,Rio Verde De Mato Grosso,BR,-18.9181,-54.8442,91.18,21,92,11.03,overcast clouds
80,Victoria,HK,22.2855,114.1577,87.33,73,0,5.93,clear sky
81,Port Hedland,AU,-20.3167,118.5667,71.56,63,0,10.74,clear sky
82,Aksu,CN,41.1231,80.2644,84.7,22,0,5.75,clear sky
83,Dikson,RU,73.5069,80.5464,42.48,89,100,24.74,light rain
84,Sierpc,PL,52.8568,19.6691,92.95,27,12,8.23,few clouds
85,Linjiang,CN,41.8069,126.9078,65.26,98,100,1.83,overcast clouds
86,Sagae,JP,38.3725,140.2725,71.17,90,98,0.54,light rain
87,Ketchikan,US,55.3422,-131.6461,54.07,94,100,8.05,light rain
88,Geraldton,AU,-28.7667,114.6,63.28,60,65,15.61,broken clouds
89,Coquimbo,CL,-29.9533,-71.3436,53.33,87,100,4.61,overcast clouds
90,Kodiak,US,57.79,-152.4072,51.31,93,75,4.61,broken clouds
91,Broome,US,42.2506,-75.833,89.69,56,0,16.11,clear sky
92,Avera,US,33.194,-82.5271,83.71,67,100,10.63,overcast clouds
93,Baykit,RU,61.67,96.37,58.39,79,80,3.04,broken clouds
94,Blairmore,CA,49.6,-114.4353,72.52,45,4,6.08,clear sky
95,Castro,BR,-24.7911,-50.0119,72.77,52,5,7.9,clear sky
96,Vestmannaeyjar,IS,63.4427,-20.2734,50.99,100,100,9.22,drizzle
97,Playas,EC,-2.6333,-80.3833,69.91,78,99,9.89,overcast clouds
98,Lebu,CL,-37.6167,-73.65,52.27,83,89,2.01,overcast clouds
99,Faya,SA,18.3851,42.4509,75.31,64,99,5.84,light rain
100,Qaanaaq,GL,77.484,-69.3632,46.11,69,100,5.37,overcast clouds
101,Benavente,ES,42.0025,-5.6783,96.8,10,0,10.94,clear sky
102,Arraial Do Cabo,BR,-22.9661,-42.0278,76.96,65,20,10.36,few clouds
103,Butaritari,KI,3.0707,172.7902,79.86,76,80,4.23,broken clouds
104,Bambous Virieux,MU,-20.3428,57.7575,70.21,83,75,14.97,light intensity shower rain
105,Torbay,CA,47.6666,-52.7314,73.27,73,75,24.16,broken clouds
106,Mar Del Plata,AR,-38.0023,-57.5575,56.08,59,93,14.0,overcast clouds
107,Owando,CG,-0.4819,15.8999,83.5,56,99,2.01,overcast clouds
108,Chagoda,RU,59.164,35.3285,70.45,59,31,1.74,scattered clouds
109,Kungurtug,RU,50.5994,97.5228,50.77,80,29,2.77,scattered clouds
110,Tongliao,CN,43.6125,122.2653,70.66,75,99,6.31,overcast clouds
111,North Bend,US,43.4065,-124.2243,59.23,96,100,5.75,mist
112,Wundanyi,KE,-3.4019,38.364,62.73,60,81,13.89,broken clouds
113,Wuwei,CN,37.9281,102.6414,55.94,70,51,4.23,broken clouds
114,Aksarka,RU,66.5606,67.7975,52.77,57,9,11.9,clear sky
115,Nemuro,JP,43.3236,145.575,56.61,90,0,8.79,clear sky
116,Asilah,MA,35.465,-6.0348,85.96,36,91,18.97,overcast clouds
117,Klaksvik,FO,62.2266,-6.589,52.72,82,29,11.45,scattered clouds
118,Marsabit,KE,2.3284,37.9899,72.3,39,13,19.46,few clouds
119,Sibu,MY,2.3,111.8167,79.11,88,40,2.3,scattered clouds
120,Port-Cartier,CA,50.0334,-66.8654,71.82,62,97,11.16,moderate rain
121,Hammerfest,NO,70.6634,23.6821,63.05,82,75,6.91,light rain
122,Port Elizabeth,ZA,-33.918,25.5701,61.09,74,0,8.05,clear sky
123,Hithadhoo,MV,-0.6,73.0833,81.54,71,100,5.08,overcast clouds
124,Cabo San Lucas,MX,22.8909,-109.9124,94.6,45,0,14.97,clear sky
125,Houma,US,29.5958,-90.7195,91.99,71,40,10.36,scattered clouds
126,Borba,BR,-4.3878,-59.5939,78.91,79,99,0.43,overcast clouds
127,Mahebourg,MU,-20.4081,57.7,70.25,83,75,14.97,light intensity shower rain
128,Ewo,CG,-0.8725,14.8206,86.67,46,94,3.22,overcast clouds
129,College,US,64.8569,-147.8028,55.8,75,75,0.0,broken clouds
130,Pevek,RU,69.7008,170.3133,31.87,99,100,8.68,light snow
131,Cidreira,BR,-30.1811,-50.2056,71.76,72,100,4.97,light rain
132,Leh,IN,34.1667,77.5833,71.47,10,88,5.93,overcast clouds
133,Mildura,AU,-34.2,142.15,44.08,88,3,11.97,clear sky
134,Yarada,IN,17.65,83.2667,84.52,89,75,2.3,mist
135,Yar-Sale,RU,66.8333,70.8333,47.89,73,100,8.03,overcast clouds
136,Samarai,PG,-10.6167,150.6667,79.88,82,1,8.84,clear sky
137,Khatanga,RU,71.9667,102.5,52.99,66,100,7.27,overcast clouds
138,Bredasdorp,ZA,-34.5322,20.0403,51.1,84,13,3.62,few clouds
139,Ban Dung,TH,17.699,103.2596,77.11,99,98,10.18,moderate rain
140,Anadyr,RU,64.75,177.4833,41.5,86,0,8.95,clear sky
141,Siauliai,LT,55.9333,23.3167,82.42,47,0,8.05,clear sky
142,Tiznit,MA,29.5833,-9.5,101.62,12,57,9.26,broken clouds
143,Acapulco,MX,16.8634,-99.8901,85.82,79,75,4.61,broken clouds
144,Makasar,ID,-5.14,119.4221,75.25,100,20,0.0,few clouds
145,Chokurdakh,RU,70.6333,147.9167,36.91,56,95,8.25,overcast clouds
146,Liverpool,GB,53.4106,-2.9779,69.66,64,75,11.5,broken clouds
147,Bengkulu,ID,-3.8004,102.2655,76.3,91,76,4.56,broken clouds
148,Redmond,US,47.674,-122.1215,69.8,79,100,4.0,overcast clouds
149,Andenes,NO,69.3143,16.1194,60.78,72,75,8.05,broken clouds
150,Kavieng,PG,-2.5744,150.7967,80.94,79,100,9.95,light rain
151,Ann Arbor,US,42.2776,-83.7409,84.4,63,0,14.97,clear sky
152,Creemore,CA,44.327,-80.1075,74.61,88,61,6.91,broken clouds
153,Avarua,CK,-21.2078,-159.775,71.65,73,100,12.66,overcast clouds
154,Marsa Matruh,EG,31.3525,27.2453,82.6,65,0,14.97,clear sky
155,Ambilobe,MG,-13.2,49.05,70.52,62,6,6.6,clear sky
156,Maragogi,BR,-9.0122,-35.2225,77.61,79,73,11.65,broken clouds
157,Kruisfontein,ZA,-34.0033,24.7314,55.89,83,0,3.0,clear sky
158,Lavrentiya,RU,65.5833,-171.0,39.63,91,100,22.7,light rain
159,Isangel,VU,-19.55,169.2667,76.08,87,14,10.25,few clouds
160,Port Augusta,AU,-32.5,137.7667,49.33,87,74,7.43,broken clouds
161,Severo-Kurilsk,RU,50.6789,156.125,52.48,97,100,22.95,moderate rain
162,Maceio,BR,-9.6658,-35.7353,83.64,65,75,13.8,broken clouds
163,San Patricio,US,28.017,-97.5169,91.27,44,2,14.7,clear sky
164,Catalao,BR,-18.1658,-47.9464,80.26,30,7,10.96,clear sky
165,Roald,NO,62.5833,6.1333,60.75,72,40,17.27,scattered clouds
166,Itarema,BR,-2.9248,-39.9167,88.63,50,69,11.23,broken clouds
167,Pascagoula,US,30.3658,-88.5561,91.4,66,20,0.0,few clouds
168,Labuhan,ID,-6.8844,112.2051,76.24,81,75,8.84,broken clouds
169,Kaeo,NZ,-35.1,173.7833,50.32,95,36,5.32,scattered clouds
170,Merritt Island,US,28.5392,-80.672,91.09,64,40,4.61,scattered clouds
171,Amor,PT,39.804,-8.8598,87.17,71,40,9.22,scattered clouds
172,Saskylakh,RU,71.9167,114.0833,49.64,70,98,12.86,overcast clouds
173,Lompoc,US,34.6391,-120.4579,71.92,88,100,5.01,overcast clouds
174,Mandalgovi,MN,45.7625,106.2708,58.87,62,100,0.96,overcast clouds
175,Harper,LR,4.375,-7.7169,77.76,66,65,8.88,broken clouds
176,Mayo,US,38.8876,-76.5119,93.36,71,75,6.91,broken clouds
177,Trairi,BR,-3.2778,-39.2689,82.92,65,98,9.62,overcast clouds
178,Bethel,US,41.3712,-73.414,91.89,69,0,5.75,clear sky
179,Tiksi,RU,71.6872,128.8694,40.46,85,29,8.9,scattered clouds
180,Eureka,US,40.8021,-124.1637,56.62,89,74,1.01,broken clouds
181,Sola,VU,-13.8833,167.55,80.58,79,9,18.5,clear sky
182,Kendari,ID,-3.945,122.4989,74.48,94,57,1.07,broken clouds
183,Ixtapa,MX,20.7,-105.2,89.22,70,31,1.99,scattered clouds
184,Acari,PE,-15.4311,-74.6158,69.51,60,69,6.62,broken clouds
185,Valley City,US,46.9233,-98.0032,75.72,53,0,9.22,clear sky
186,Port Macquarie,AU,-31.4333,152.9167,57.88,88,75,6.91,broken clouds
187,Namibe,AO,-15.1961,12.1522,65.03,82,100,17.27,overcast clouds
188,Mandera,KE,3.9366,41.867,87.87,31,30,16.13,scattered clouds
189,Codrington,AU,-38.2667,141.9667,46.44,85,5,10.78,clear sky
190,Mount Pleasant,US,32.7941,-79.8626,84.34,81,75,11.5,broken clouds
191,Henties Bay,NA,-22.116,14.2845,60.31,73,1,10.65,clear sky
192,Eyemouth,GB,55.8713,-2.0901,67.82,71,91,7.85,overcast clouds
193,Akdepe,TM,42.0551,59.3788,102.29,13,0,11.16,clear sky
194,Kyra,RU,49.5776,111.9753,63.64,87,73,2.8,broken clouds
195,Sakakah,SA,29.9697,40.2064,110.77,9,0,7.87,clear sky
196,Hofn,IS,64.2539,-15.2082,55.42,76,100,6.91,overcast clouds
197,Palmer,US,42.1584,-72.3287,91.24,64,65,4.0,broken clouds
198,Bourail,NC,-21.5667,165.4833,71.92,89,31,6.38,scattered clouds
199,Grindavik,IS,63.8424,-22.4338,54.07,94,75,10.36,light intensity drizzle
200,Bilibino,RU,68.0546,166.4372,34.81,68,43,4.65,scattered clouds
201,Brae,GB,60.3964,-1.353,54.64,77,23,11.86,few clouds
202,Banjar,ID,-8.19,114.9675,73.83,88,55,6.15,broken clouds
203,Pemberton,CA,50.3164,-122.8027,65.89,68,73,2.08,broken clouds
204,Maniitsoq,GL,65.4167,-52.9,43.81,95,100,15.39,overcast clouds
205,Tuatapere,NZ,-46.1333,167.6833,43.63,88,98,2.53,overcast clouds
206,Imbituba,BR,-28.24,-48.6703,76.08,71,27,11.01,scattered clouds
207,Husavik,IS,66.0449,-17.3389,51.6,76,70,6.69,broken clouds
208,Luba,GQ,3.4568,8.5547,75.92,90,94,9.6,light rain
209,Gomel,BY,52.4345,30.9754,73.38,68,75,15.66,thunderstorm with light rain
210,Shypyntsi,UA,48.3768,25.7466,82.56,22,2,15.26,clear sky
211,Pitimbu,BR,-7.4706,-34.8086,75.79,81,89,13.31,overcast clouds
212,Anloga,GH,5.7947,0.8973,77.11,73,60,16.67,broken clouds
213,Norman Wells,CA,65.282,-126.8329,59.04,94,100,2.3,overcast clouds
214,Barrow,US,71.2906,-156.7887,42.82,81,0,21.85,clear sky
215,Saint Anthony,US,45.0205,-93.218,81.14,47,0,18.41,clear sky
216,Shahrud,IR,36.4182,54.9763,82.27,42,0,10.4,clear sky
217,Hobbs,US,32.7026,-103.136,82.67,53,75,5.75,broken clouds
218,Ponta Do Sol,PT,32.6667,-17.1,77.13,62,1,4.41,clear sky
219,Waddan,LY,29.1614,16.139,92.5,22,0,13.78,clear sky
220,Sitka,US,57.0531,-135.33,55.29,88,100,4.61,overcast clouds
221,San Cristobal,VE,7.7669,-72.225,78.98,75,97,6.82,overcast clouds
222,Riyadh,SA,24.6877,46.7219,109.54,6,54,13.96,broken clouds
223,Vardo,NO,70.3705,31.1107,58.98,82,0,9.22,clear sky
224,Kununurra,AU,-15.7667,128.7333,69.58,29,8,5.91,clear sky
225,Tarko-Sale,RU,64.9225,77.785,49.14,80,94,11.45,overcast clouds
226,Vikulovo,RU,56.8167,70.6107,58.98,94,91,9.13,light rain
227,Ambulu,ID,-8.345,113.6058,72.99,88,39,4.76,scattered clouds
228,Nizhniy Bestyakh,RU,61.9594,129.9086,63.88,100,83,0.0,fog
229,Casas Grandes,MX,30.3667,-107.95,81.91,39,76,1.95,broken clouds
230,Westport,US,41.1415,-73.3579,93.15,78,0,6.91,clear sky
231,Bella Union,UY,-30.2752,-57.6007,70.32,81,100,2.71,overcast clouds
232,Alice Springs,AU,-23.7,133.8833,44.26,47,0,5.93,clear sky
233,Sao Filipe,CV,14.8961,-24.4956,75.63,87,69,7.11,broken clouds
234,Jasper,US,37.2001,-94.3502,92.01,40,0,10.36,clear sky
235,Qasigiannguit,GL,68.8193,-51.1922,62.85,69,100,8.86,overcast clouds
236,Chunskiy,RU,56.0815,99.6342,57.96,81,37,3.8,scattered clouds
237,Puerto Narino,CO,-3.7703,-70.3831,84.38,63,72,4.14,broken clouds
238,Constitucion,CL,-35.3333,-72.4167,58.59,70,24,5.41,few clouds
239,Lengshuitan,CN,26.4111,111.5956,80.29,80,99,5.39,overcast clouds
240,Zonguldak,TR,41.25,31.8333,69.37,62,0,5.08,clear sky
241,Khani,GE,41.9563,42.9566,58.57,97,100,0.54,overcast clouds
242,Neyshabur,IR,36.2133,58.7958,89.26,10,0,6.35,clear sky
243,Ippy,CF,6.2679,21.2247,74.91,90,100,1.19,moderate rain
244,Bosobolo,CD,4.1833,19.9,79.88,82,49,1.99,light rain
245,East London,ZA,-33.0153,27.9116,59.94,77,0,8.05,clear sky
246,North Platte,US,41.1239,-100.7654,80.49,41,0,5.75,clear sky
247,Sohbatpur,PK,28.5202,68.5434,99.16,48,77,23.85,broken clouds
248,Beloha,MG,-25.1667,45.05,67.68,71,11,7.83,few clouds
249,Baoro,CF,5.6667,15.9667,74.35,93,100,3.74,moderate rain
250,La Romana,DO,18.4273,-68.9728,86.36,74,75,13.8,broken clouds
251,Nagato,JP,34.3833,131.2,76.1,88,84,13.94,broken clouds
252,Marion,US,39.7684,-86.1555,84.7,60,0,9.22,clear sky
253,Sahuaripa,MX,29.05,-109.2333,82.35,62,3,1.23,clear sky
254,Ambon,ID,-3.6954,128.1814,78.24,15,20,8.05,few clouds
255,Pimentel,PE,-6.8367,-79.9342,62.89,77,100,12.66,overcast clouds
256,Linguere,SN,15.3953,-15.1193,93.42,59,40,6.91,scattered clouds
257,Asfi,MA,32.2994,-9.2372,81.28,58,2,22.73,clear sky
258,Emerald,AU,-23.5333,148.1667,48.34,92,17,0.43,few clouds
259,Velikooktyabrskiy,RU,57.4333,33.8159,66.94,64,55,6.17,broken clouds
260,Manadhoo,MV,5.7667,73.3833,81.97,78,100,18.5,overcast clouds
261,Airai,TL,-8.9266,125.4092,55.83,91,90,2.68,overcast clouds
262,Narsaq,GL,60.9167,-46.05,64.62,68,6,6.46,clear sky
263,Lohja,FI,60.2486,24.0653,82.67,51,66,6.87,broken clouds
264,Upernavik,GL,72.7868,-56.1549,46.45,85,100,4.92,overcast clouds
265,Prince Rupert,CA,54.3161,-130.3201,55.49,87,100,4.61,overcast clouds
266,Diamantino,BR,-14.4086,-56.4461,93.51,22,6,9.46,clear sky
267,Centralia,US,46.7162,-122.9543,61.95,68,100,3.44,mist
268,Luena,AO,-11.7833,19.9167,80.78,61,40,8.05,scattered clouds
269,Ca Mau,VN,9.1769,105.15,75.81,92,75,3.94,broken clouds
270,Haapiti,PF,-17.5667,-149.8667,69.53,71,18,8.25,few clouds
271,Kebomas,ID,-7.1667,112.6333,80.17,80,48,2.24,scattered clouds
272,Hovd,MN,48.0056,91.6419,64.92,43,83,2.86,broken clouds
273,Puerto Escondido,MX,15.85,-97.0667,86.32,64,99,3.74,overcast clouds
274,Bandarbeyla,SO,9.4942,50.8122,76.39,80,98,31.12,overcast clouds
275,Yerbogachen,RU,61.2767,108.0108,58.35,77,100,4.05,overcast clouds
276,Alamogordo,US,32.8995,-105.9603,91.56,29,0,5.75,clear sky
277,Porto Novo,BJ,6.4965,2.6036,82.22,67,78,11.86,broken clouds
278,Tura,IN,25.5198,90.2201,75.88,95,100,3.6,overcast clouds
279,Phuntsholing,BT,26.8516,89.3884,79.23,91,100,3.44,overcast clouds
280,Saldanha,ZA,-33.0117,17.9442,60.85,71,38,10.31,scattered clouds
281,Aklavik,CA,68.2191,-135.0107,55.4,94,100,0.0,light rain
282,Neryungri,RU,56.6709,124.6491,58.96,94,96,0.83,overcast clouds
283,Pisco,PE,-13.7,-76.2167,63.01,77,100,4.61,smoke
284,Mulhouse,FR,47.6667,7.4167,86.61,37,0,5.75,clear sky
285,Bogovina,RS,43.895,21.9403,96.51,20,0,8.79,clear sky
286,Port Blair,IN,11.6667,92.75,80.64,89,100,2.3,mist
287,Saquarema,BR,-22.92,-42.5103,77.14,65,11,12.75,few clouds
288,Wanaka,NZ,-44.7,169.15,25.54,90,12,3.42,few clouds
289,Caravelas,BR,-17.7125,-39.2481,78.19,62,1,8.59,clear sky
290,Axim,GH,4.8699,-2.2405,78.51,60,50,8.86,scattered clouds
291,Pacific Grove,US,36.6177,-121.9166,57.42,96,100,10.0,mist
292,Mafinga,TZ,-7.25,35.0667,75.18,37,40,11.52,scattered clouds
293,Hambantota,LK,6.1241,81.1185,79.14,94,40,6.91,light rain
294,Kirakira,SB,-10.4544,161.9205,79.27,85,40,4.5,scattered clouds
295,Havre,FR,49.5833,0.3333,77.34,77,75,10.36,broken clouds
296,Sechura,PE,-5.5569,-80.8222,68.61,64,63,12.17,broken clouds
297,Tam Ky,VN,15.5667,108.4833,78.12,88,58,3.96,broken clouds
298,Ibotirama,BR,-12.1853,-43.2206,88.3,22,7,5.84,clear sky
299,Aguililla,MX,18.7333,-102.7333,77.11,74,15,3.31,few clouds
300,Krasnaya Gorbatka,RU,55.8703,41.7641,58.78,95,97,9.6,overcast clouds
301,Vila Velha,BR,-20.3297,-40.2925,78.75,80,75,12.66,broken clouds
302,Longyearbyen,SJ,78.2186,15.6401,51.64,82,75,8.05,broken clouds
303,Methven,NZ,-43.6333,171.65,34.02,90,70,3.0,broken clouds
304,Gogrial,SS,8.5332,28.1004,77.56,75,100,4.03,overcast clouds
305,Iralaya,HN,15.0,-83.2333,84.22,68,9,9.53,clear sky
306,Angoram,PG,-4.0625,144.0661,73.71,97,98,1.79,overcast clouds
307,Altay,CN,47.8667,88.1167,63.32,57,100,6.08,overcast clouds
308,Eyl,SO,7.9803,49.8164,77.59,73,99,26.42,overcast clouds
309,Ancud,CL,-41.8697,-73.8203,41.23,79,100,13.06,light rain
310,Vung Tau,VN,10.346,107.0843,78.19,86,86,7.27,overcast clouds
311,Guerrero Negro,MX,27.9769,-114.0611,72.25,69,71,13.15,broken clouds
312,Faanui,PF,-16.4833,-151.75,76.71,75,17,12.8,few clouds
313,Changji,CN,44.0167,87.3167,83.19,24,0,4.47,clear sky
314,Saint George,US,37.1041,-113.5841,94.78,23,0,5.75,clear sky
315,Dudinka,RU,69.4058,86.1778,58.62,84,33,3.96,scattered clouds
316,Sarandi,BR,-23.4436,-51.8739,76.55,53,0,16.11,clear sky
317,Fort Nelson,CA,58.8053,-122.7002,54.99,82,75,3.44,broken clouds
318,Bocas Del Toro,PA,9.3333,-82.25,80.38,78,96,9.55,overcast clouds
319,Hvide Sande,DK,56.0045,8.1294,62.1,79,92,18.66,overcast clouds
320,Kieta,PG,-6.2167,155.6333,79.81,78,96,3.2,overcast clouds
321,Makakilo City,US,21.3469,-158.0858,75.0,79,0,12.66,clear sky
322,Zhuhai,CN,22.2769,113.5678,85.78,84,20,5.75,few clouds
323,Paamiut,GL,61.994,-49.6678,46.92,88,73,5.64,broken clouds
324,Dangriga,BZ,16.9692,-88.2321,82.35,82,20,10.2,few clouds
325,Kon Tum,VN,14.35,108.0,70.11,98,98,0.36,light rain
326,Nuuk,GL,64.1835,-51.7216,61.41,59,75,16.11,broken clouds
327,Sabya,SA,17.1495,42.6254,91.02,56,90,11.14,overcast clouds
328,Vallenar,CL,-28.5708,-70.7581,60.58,71,26,3.4,scattered clouds
329,Larsnes,NO,62.2028,5.5773,60.44,81,89,6.78,overcast clouds
330,Bodden Town,KY,19.2833,-81.25,87.8,70,20,9.22,few clouds
331,Acarau,BR,-2.8856,-40.12,87.91,51,66,8.97,broken clouds
332,Saint-Augustin,CA,51.226,-58.6502,75.45,43,36,14.52,scattered clouds
333,Olafsvik,IS,64.8945,-23.7142,52.3,78,92,2.33,overcast clouds
334,Praia Da Vitoria,PT,38.7333,-27.0667,79.05,65,20,2.1,few clouds
335,Sur,OM,22.5667,59.5289,89.33,65,99,9.91,overcast clouds
336,Gold Coast,AU,-28.0,153.4333,62.24,96,100,25.37,light rain
337,Kwidzyn,PL,53.7249,18.9311,92.26,41,13,9.89,few clouds
338,Wanning,CN,18.8003,110.3967,80.38,87,83,6.53,broken clouds
339,Nanhai,CN,30.1282,111.7784,80.38,92,99,6.08,overcast clouds
340,Ahuimanu,US,21.4447,-157.8378,76.19,84,20,12.66,light rain
341,Amos,CA,48.5669,-78.1162,65.17,99,100,11.52,overcast clouds
342,Dronninglund,DK,57.1604,10.2929,75.78,61,98,8.12,overcast clouds
343,Kingman,US,35.1894,-114.053,95.54,14,74,4.0,broken clouds
344,Deputatskiy,RU,69.3,139.9,37.65,89,3,4.7,clear sky
345,Brownsville,US,25.9018,-97.4975,91.09,64,75,20.71,broken clouds
346,Yelizovo,RU,53.1873,158.3805,59.14,100,100,4.47,overcast clouds
347,Waipawa,NZ,-41.4122,175.5153,44.91,69,100,18.41,overcast clouds
348,Jalingo,NG,8.8833,11.3667,81.18,77,82,4.72,light rain
349,Trinidad,BO,-14.8333,-64.9,85.98,51,5,11.5,clear sky
350,Mantua,IT,45.1667,10.7833,101.08,15,1,1.79,clear sky
351,Quelimane,MZ,-17.8786,36.8883,75.15,78,20,11.99,few clouds
352,Log,RU,49.4844,43.8613,72.88,39,28,10.89,scattered clouds
353,Alyangula,AU,-13.8483,136.4192,66.33,67,43,9.82,scattered clouds
354,Cockburn Town,TC,21.4612,-71.1419,82.53,79,6,18.41,clear sky
355,Muktsar,IN,30.4833,74.5167,78.3,92,80,5.57,broken clouds
356,Touros,BR,-5.1989,-35.4608,82.58,63,79,14.23,broken clouds
357,Dingle,PH,10.9995,122.6711,77.94,91,100,5.21,overcast clouds
358,Inhambane,MZ,-23.865,35.3833,71.58,78,20,5.01,few clouds
359,Grand Gaube,MU,-20.0064,57.6608,70.38,69,62,8.99,broken clouds
360,Bontang,ID,0.1333,117.5,80.89,81,99,7.87,overcast clouds
361,Ashoknagar,IN,24.5667,77.7167,77.67,90,100,5.68,light rain
362,Wittelsheim,FR,47.8094,7.2402,87.04,40,6,1.54,clear sky
363,Bolobo,CD,-2.1667,16.2333,88.2,42,71,1.52,broken clouds
364,Dzaoudzi,YT,-12.7887,45.2699,73.29,88,100,10.36,mist
365,Vostok,RU,46.4856,135.8833,58.51,98,47,2.37,scattered clouds
366,Sao Lourenco Da Serra,BR,-23.8525,-46.9425,74.98,41,0,0.81,clear sky
367,Honningsvag,NO,70.9821,25.9704,62.35,82,100,2.3,light rain
368,Egvekinot,RU,66.3167,-179.1667,33.04,72,16,9.75,few clouds
369,Huarmey,PE,-10.0681,-78.1522,66.27,74,70,10.69,broken clouds
370,Kaitangata,NZ,-46.2817,169.8464,43.05,89,100,4.59,overcast clouds
371,Kenai,US,60.5544,-151.2583,50.14,98,100,5.75,overcast clouds
372,Inta,RU,66.0317,60.1659,61.7,43,100,11.77,overcast clouds
373,Fairbanks,US,64.8378,-147.7164,56.82,75,75,1.01,broken clouds
374,Floro,NO,61.5996,5.0328,63.23,76,75,11.5,broken clouds
375,Esperance,AU,-33.8667,121.9,53.44,75,59,20.4,broken clouds
376,Zemio,CF,5.0314,25.1361,76.89,82,100,4.29,overcast clouds
377,Lata,PT,40.1629,-8.3327,85.5,48,0,10.56,clear sky
378,Kambove,CD,-10.8764,26.5969,70.56,40,68,4.81,broken clouds
379,Mason City,US,43.1536,-93.201,80.73,68,0,13.8,clear sky
380,Pangnirtung,CA,66.1451,-65.7125,44.6,100,100,8.05,overcast clouds
381,Marshall,US,34.3834,-86.3333,88.09,72,75,6.91,broken clouds
382,Lorengau,PG,-2.0226,147.2712,80.17,78,99,4.09,overcast clouds
383,La Ronge,CA,55.1001,-105.2842,61.02,67,100,21.85,overcast clouds
384,Swan Hill,AU,-35.3378,143.5544,47.01,90,6,12.15,clear sky
385,Vanavara,RU,60.34,102.2797,58.37,71,64,3.36,broken clouds
386,Tazmalt,DZ,36.3868,4.3989,101.46,14,2,12.77,clear sky
387,Esso,RU,55.9333,158.7,57.88,94,4,4.05,clear sky
388,Yumen,CN,40.2833,97.2,71.17,23,0,9.71,clear sky
389,Tessalit,ML,20.1986,1.0114,98.83,22,44,3.78,light rain
390,Totana,ES,37.7688,-1.5023,94.5,31,0,12.71,clear sky
391,Jacareacanga,BR,-6.2222,-57.7528,97.75,28,31,2.1,scattered clouds
392,Bosaso,SO,11.2842,49.1816,89.85,47,60,2.04,broken clouds
393,Jalu,LY,29.0331,21.5482,93.31,17,0,16.04,clear sky
394,Agadez,NE,19.75,10.25,102.6,11,7,2.44,clear sky
395,Gizo,SB,-8.103,156.8419,81.63,77,20,5.39,light rain
396,Peskovka,RU,59.0448,52.3606,62.49,88,30,3.71,light rain
397,Rumenka,RS,45.2931,19.7439,100.58,15,59,7.72,broken clouds
398,Murgab,TM,37.4966,61.9714,103.87,20,0,6.91,clear sky
399,Champerico,GT,14.3,-91.9167,88.34,75,100,2.13,overcast clouds
400,Samandag,TR,36.0842,35.9771,88.32,58,4,10.51,clear sky
401,Lashio,MM,22.9333,97.75,70.5,97,84,1.12,broken clouds
402,Walvis Bay,NA,-22.9575,14.5053,62.1,64,0,15.95,clear sky
403,Rocha,UY,-34.4833,-54.3333,60.87,71,74,9.53,broken clouds
404,Tabou,CI,4.423,-7.3528,77.7,66,78,7.74,broken clouds
405,Mbini,GQ,1.574,9.6134,78.46,77,59,12.77,broken clouds
406,Reitz,ZA,-27.8014,28.4273,54.59,41,72,7.0,broken clouds
407,Ponta Delgada,PT,37.7333,-25.6667,72.32,83,75,6.91,broken clouds
408,Neuquen,AR,-38.9516,-68.0591,55.29,54,0,9.22,clear sky
409,Nhulunbuy,AU,-12.2333,136.7667,71.38,60,69,13.49,broken clouds
410,Sibolga,ID,1.7427,98.7792,77.22,87,35,3.85,scattered clouds
411,Jumla,NP,29.2747,82.1838,64.63,94,99,0.31,light rain
412,Lalmohan,BD,22.3384,90.7419,83.37,82,100,9.1,light rain
413,Ryde,GB,50.73,-1.1621,76.71,79,91,3.0,overcast clouds
414,Manta,EC,-0.95,-80.7333,73.18,78,75,11.5,broken clouds
415,Fria,GN,10.4167,-13.5833,79.21,90,99,7.05,moderate rain
416,Havelock,US,34.8791,-76.9013,90.05,81,40,17.27,scattered clouds
417,Sumbe,AO,-11.2061,13.8437,71.01,78,21,7.02,few clouds
418,Silvania,BR,-16.6589,-48.6081,80.89,29,9,9.95,clear sky
419,Kulhudhuffushi,MV,6.6221,73.07,81.55,79,100,18.59,overcast clouds
420,Bambanglipuro,ID,-7.95,110.2833,75.74,81,59,10.0,broken clouds
421,Hays,US,30.0502,-98.0336,90.63,62,90,5.01,overcast clouds
422,Baraya,CO,3.1533,-75.0531,76.8,59,60,4.18,broken clouds
423,Goderich,CA,43.7501,-81.7165,73.72,78,14,11.5,few clouds
424,Atambua,ID,-9.1061,124.8925,70.57,86,82,5.06,broken clouds
425,Tekkali,IN,18.6167,84.2333,83.34,81,100,3.65,overcast clouds
426,Guabito,PA,9.5,-82.6167,80.06,81,100,4.25,overcast clouds
427,Aripuana,BR,-9.1667,-60.6333,95.34,28,0,2.39,clear sky
428,Neiafu,TO,-18.65,-173.9833,77.47,69,65,17.4,broken clouds
429,Dunedin,NZ,-45.8742,170.5036,47.8,83,95,7.0,overcast clouds
430,Bageshwar,IN,29.85,79.7667,72.23,93,100,1.1,overcast clouds
431,Fortuna,US,40.5982,-124.1573,56.93,91,87,5.23,overcast clouds
432,Souillac,MU,-20.5167,57.5167,68.38,83,75,14.97,light intensity shower rain
433,Punta De Piedra,VE,7.6176,-71.4916,72.54,99,100,1.45,overcast clouds
434,Zeya,RU,53.75,127.2667,60.98,89,100,3.47,overcast clouds
435,Loknya,RU,56.83,30.1467,70.9,72,80,2.64,broken clouds
436,Kalmunai,LK,7.4167,81.8167,82.63,80,14,8.72,moderate rain
437,Kathu,TH,7.9178,98.3332,85.69,99,100,7.94,overcast clouds
438,Sawtell,AU,-30.3833,153.1,59.02,88,40,19.57,light rain
439,Luderitz,NA,-26.6481,15.1594,64.72,55,0,12.48,clear sky
440,Atemar,RU,54.181,45.4091,58.77,95,100,9.98,moderate rain
441,Atikokan,CA,48.7555,-91.6216,73.67,45,2,11.61,clear sky
442,Lakes Entrance,AU,-37.8811,147.981,38.16,88,0,8.05,clear sky
443,San Juan Bautista,PE,-14.0108,-75.7358,67.68,55,0,3.51,clear sky
444,Serafimovskiy,RU,54.4241,53.7964,63.66,74,95,3.29,overcast clouds
445,Larreynaga,NI,12.6769,-86.5719,88.3,51,99,5.21,overcast clouds
446,Oranjestad,AW,12.524,-70.027,87.75,66,40,19.57,scattered clouds
447,Rincon,US,32.296,-81.2354,85.96,70,75,9.22,broken clouds
448,Breyten,ZA,-26.3018,29.987,53.29,47,79,2.8,broken clouds
449,Vieques,PR,18.425,-65.8329,80.85,100,100,21.85,light rain
450,Kristinehamn,SE,59.3098,14.1081,86.56,52,99,2.75,overcast clouds
451,Poum,NC,-20.2333,164.0167,76.32,89,6,23.58,clear sky
452,Naze,JP,28.3667,129.4833,81.52,88,79,13.29,broken clouds
453,Talnakh,RU,69.4865,88.3972,58.21,81,21,7.83,light rain
454,Aykhal,RU,66.0,111.5,51.73,93,100,0.63,overcast clouds
455,Tazovskiy,RU,67.4667,78.7,44.46,84,100,3.89,overcast clouds
456,Chaplynka,UA,46.3651,33.5403,83.35,25,52,9.19,broken clouds
457,Troitsko-Pechorsk,RU,62.7084,56.1964,63.07,76,73,4.63,broken clouds
458,El Sauzal,MX,31.9,-116.6833,71.42,88,97,7.52,overcast clouds
459,Padang,ID,-0.9492,100.3543,77.67,89,99,3.33,overcast clouds
460,Lagoa,PT,39.05,-27.9833,72.54,79,65,4.27,broken clouds
461,San Vicente De Canete,PE,-13.0751,-76.3835,64.51,74,71,5.64,broken clouds
462,Buala,SB,-8.145,159.5921,79.93,83,90,6.11,overcast clouds
463,Kangaatsiaq,GL,68.3065,-53.4641,42.17,99,100,8.39,overcast clouds
464,La Palma,US,33.8464,-118.0467,82.96,76,79,1.99,broken clouds
465,Mitsamiouli,KM,-11.3847,43.2844,79.09,65,40,9.22,scattered clouds
466,Campos Altos,BR,-19.6961,-46.1714,75.6,38,0,7.47,clear sky
467,Shelopugino,RU,51.6514,117.5599,61.99,91,7,3.0,clear sky
468,Smithers,CA,54.7804,-127.1743,53.92,82,75,2.3,broken clouds
469,Newton,US,42.337,-71.2092,93.6,58,90,8.01,overcast clouds
470,Ekhabi,RU,53.5102,142.9671,54.48,94,100,9.64,overcast clouds
471,Sobolevo,RU,54.4299,31.8996,67.08,75,18,12.64,few clouds
472,Mizan Teferi,ET,6.9833,35.5833,61.83,97,81,0.58,light rain
473,Usinsk,RU,65.9939,57.5281,62.67,48,100,15.88,overcast clouds
474,Mezen,RU,65.8522,44.24,61.25,68,5,9.1,clear sky
475,Luwuk,ID,-0.9516,122.7875,76.44,89,27,5.19,scattered clouds
476,Likhoslavl,RU,57.1275,35.464,67.73,63,58,8.05,broken clouds
477,Okhotsk,RU,59.3833,143.3,53.24,93,92,2.08,overcast clouds
478,Skibbereen,IE,51.55,-9.2667,61.11,83,100,9.06,overcast clouds
479,Mount Isa,AU,-20.7333,139.5,50.29,33,3,12.82,clear sky
480,Bud,US,39.447,-86.1758,84.97,64,0,8.97,clear sky
481,Pervoye Maya,RU,56.164,44.7196,60.84,89,85,8.7,overcast clouds
482,Kawalu,ID,-7.3817,108.2082,71.44,95,95,1.61,overcast clouds
483,Hobyo,SO,5.3505,48.5268,76.87,78,77,25.64,broken clouds
484,Fuerte Olimpo,PY,-21.0415,-57.8738,95.16,17,11,13.58,few clouds
485,Dothan,US,31.2232,-85.3905,88.2,80,75,8.05,broken clouds
486,Luoyang,CN,34.6836,112.4536,79.34,63,59,2.71,broken clouds
487,Erdenet,MN,49.0333,104.0833,47.66,97,100,4.36,moderate rain
488,Vila Franca Do Campo,PT,37.7167,-25.4333,72.01,69,70,2.84,broken clouds
489,Mogadishu,SO,2.0371,45.3438,76.42,84,40,18.25,scattered clouds
490,Waw,SS,7.7029,27.9953,75.88,82,97,5.5,light rain
491,Kismayo,SO,-0.3582,42.5454,75.63,82,40,19.69,light rain
492,Port Hardy,CA,50.6996,-127.4199,53.78,94,100,3.44,mist
493,Manavalakurichi,IN,8.1333,77.3,79.03,84,13,17.16,few clouds
494,Jega,NG,12.2175,4.3792,90.99,44,96,8.55,overcast clouds
495,Cayenne,GF,4.9333,-52.3333,86.09,2,100,5.75,overcast clouds
496,Tocopilla,CL,-22.092,-70.1979,65.19,68,100,7.96,overcast clouds
497,Taoudenni,ML,22.6783,-3.9836,107.06,17,33,9.19,scattered clouds
498,China,MX,25.7,-99.2333,91.31,39,0,11.65,clear sky
499,Vilhena,BR,-12.7406,-60.1458,86.22,32,0,13.8,clear sky
500,Mersing,MY,2.4312,103.8405,75.11,94,40,3.44,scattered clouds
501,Port-Gentil,GA,-0.7193,8.7815,80.56,74,40,13.8,scattered clouds
502,Artigas,UY,-30.4,-56.4667,71.17,78,100,5.17,light rain
503,Lasa,IT,46.6166,10.7002,89.69,63,52,2.59,broken clouds
504,Northam,GB,51.0333,-4.2167,65.39,60,5,11.21,clear sky
505,Jenjarom,MY,2.8766,101.4988,82.11,86,73,4.21,broken clouds
506,Puerto Maldonado,PE,-12.6,-69.1833,84.6,61,0,2.3,clear sky
507,Teknaf,BD,20.8624,92.3058,82.33,84,100,4.76,light rain
508,Ystad,SE,55.4297,13.8204,77.36,66,100,13.82,overcast clouds
509,Nipawin,CA,53.3668,-104.0009,69.84,56,0,11.5,clear sky
510,Abha,SA,18.2164,42.5053,75.02,68,40,11.5,scattered clouds
511,Dezhou,CN,37.4486,116.2925,77.4,69,4,6.11,clear sky
512,Tucupita,VE,9.0622,-62.051,84.07,77,44,5.08,scattered clouds
513,Sligo,IE,54.2697,-8.4694,62.91,59,40,8.05,scattered clouds
514,Zhumadian,CN,32.9794,114.0294,79.09,88,2,5.57,clear sky
515,Uyemskiy,RU,64.4743,40.8524,68.05,82,0,8.95,clear sky
516,Khorinsk,RU,52.1657,109.7726,63.75,57,100,4.81,overcast clouds
517,Innisfail,AU,-17.5333,146.0333,64.47,93,6,4.81,clear sky
518,Valparaiso,CL,-33.0393,-71.6273,53.83,87,20,5.75,haze
519,Tibati,CM,6.4667,12.6333,75.47,85,96,3.8,light rain
520,Burns Lake,CA,54.2331,-125.7533,47.62,54,90,2.82,overcast clouds
521,Pudozh,RU,61.8099,36.5345,77.09,55,22,1.77,few clouds
522,Mecca,SA,21.4267,39.8261,94.59,37,6,9.19,clear sky
523,General Pico,AR,-35.6566,-63.7568,61.34,19,11,10.22,few clouds
524,Mae Tha,TH,18.4646,99.1403,77.59,96,100,1.79,overcast clouds
525,Araouane,ML,18.9048,-3.5265,97.88,28,63,9.53,broken clouds
526,Yaan,NG,7.3833,8.5667,78.37,74,88,7.63,overcast clouds
527,Weligama,LK,5.9667,80.4167,78.64,86,92,15.66,overcast clouds
528,Asau,RO,46.4333,26.4,81.52,29,0,8.32,clear sky
529,Mangan,IN,27.5167,88.5333,76.91,91,100,1.23,overcast clouds
530,Ust-Tsilma,RU,65.441,52.1498,70.39,50,75,6.55,broken clouds
531,Bara,NG,10.3744,10.7288,85.39,56,57,1.3,broken clouds
532,Rabo De Peixe,PT,37.8,-25.5833,71.11,83,75,6.91,broken clouds
533,Sambava,MG,-14.2667,50.1667,69.33,85,96,13.51,light rain
534,Raga,SS,8.4596,25.678,75.42,85,91,2.62,light rain
535,Tendukheda,IN,23.4,79.55,79.25,86,100,6.35,moderate rain
536,Ulladulla,AU,-35.35,150.4667,54.63,82,94,7.63,overcast clouds
537,Blagoyevo,RU,63.3667,47.9167,75.42,43,88,7.63,overcast clouds
538,Dolores Hidalgo,MX,21.1561,-100.9308,72.79,42,6,3.06,clear sky
539,Tucuman,AR,-26.8241,-65.2226,64.4,52,80,10.36,broken clouds
540,Dicabisagan,PH,17.0818,122.4157,81.36,84,50,1.99,scattered clouds
541,Amga,RU,60.8953,131.9608,64.67,78,1,2.66,clear sky
542,Ingham,US,42.6,-84.3833,84.9,59,0,12.66,clear sky
543,Mettur,IN,11.8,77.8,84.29,69,98,1.21,overcast clouds
544,Georgiyevka,KZ,43.0369,74.7114,86.04,26,0,2.24,clear sky
545,Tamandare,BR,-8.7597,-35.1047,78.31,75,89,12.88,overcast clouds
546,Sao Joao Da Barra,BR,-21.6403,-41.0511,77.09,71,22,8.66,few clouds
547,Rovigo,IT,45.08,11.793,96.1,26,0,14.09,clear sky
548,Umm Lajj,SA,25.0213,37.2685,88.05,56,3,12.35,clear sky
549,Morondava,MG,-20.2833,44.2833,74.53,70,7,12.95,clear sky
550,Akyab,MM,20.15,92.9,83.23,80,100,3.6,moderate rain
551,Havre-Saint-Pierre,CA,50.2334,-63.5986,73.76,56,0,9.22,clear sky
552,Awjilah,LY,29.1081,21.2869,92.97,19,0,16.08,clear sky
553,Pangody,RU,65.85,74.4859,44.42,86,100,10.13,overcast clouds
554,Springfield,US,37.2153,-93.2982,89.37,49,6,3.0,clear sky
555,Kuusamo,FI,65.9667,29.1833,75.24,50,0,9.22,clear sky
556,Ponferrada,ES,42.5466,-6.5962,99.28,24,0,8.01,clear sky
557,Iquique,CL,-20.2208,-70.1431,59.04,68,91,4.34,overcast clouds
558,Cairns,AU,-16.9167,145.7667,70.07,91,22,5.1,few clouds
559,Lishui,CN,28.4604,119.9103,79.7,91,85,1.28,overcast clouds
560,Petropavlovsk-Kamchatskiy,RU,53.0452,158.6483,57.79,100,100,4.47,overcast clouds
561,Alofi,NU,-19.0595,-169.9187,69.69,88,7,5.75,clear sky
562,Quatre Cocos,MU,-20.2078,57.7625,71.1,71,73,19.91,light rain
563,Halifax,CA,44.6453,-63.5724,85.51,74,75,10.36,broken clouds
564,Wallaceburg,CA,42.593,-82.3885,86.11,47,0,13.98,clear sky
565,Morro Bay,US,35.3658,-120.8499,64.15,1,7,5.82,clear sky
566,Veraval,IN,20.9,70.3667,81.88,81,100,15.86,light rain
567,De Aar,ZA,-30.6497,24.0123,56.93,35,0,6.58,clear sky
568,Los Llanos De Aridane,ES,28.6585,-17.9182,73.15,73,20,18.41,few clouds
569,Ahipara,NZ,-35.1667,173.1667,54.9,82,90,9.48,overcast clouds
570,Abalak,RU,58.1286,68.5944,57.49,94,97,5.64,overcast clouds
571,Namatanai,PG,-3.6667,152.4333,78.8,81,43,5.64,scattered clouds
572,Tezu,IN,27.9167,96.1667,77.43,92,100,2.64,moderate rain
573,Kearney,US,40.6995,-99.0815,85.57,54,0,6.91,clear sky
574,Davila,PH,18.4726,120.5763,80.58,81,66,9.89,broken clouds
575,Cienfuegos,CU,22.1461,-80.4356,88.57,52,0,5.23,clear sky
576,Adand,HU,46.8593,18.1644,92.84,15,43,4.72,scattered clouds
577,Tommot,RU,58.9564,126.2925,59.63,93,4,2.13,clear sky
578,Fare,PF,-16.7,-151.0167,76.17,76,10,11.72,clear sky
579,Hudson Bay,CA,52.85,-102.3842,71.31,45,63,13.71,broken clouds
580,Inirida,CO,3.8653,-67.9239,81.0,84,31,1.63,scattered clouds
581,Qaqortoq,GL,60.7167,-46.0333,52.65,81,7,8.95,clear sky
582,Opuwo,NA,-18.0607,13.84,76.01,16,0,7.02,clear sky
583,Pozhva,RU,59.0912,56.0847,60.76,91,60,4.09,light rain
584,Okha,RU,53.5739,142.9478,54.66,94,100,9.71,overcast clouds
585,Avondale,US,33.4356,-112.3496,97.29,38,99,5.99,overcast clouds
586,Ise,JP,34.4833,136.7,78.12,92,53,5.66,broken clouds
587,Stokmarknes,NO,68.5646,14.9108,57.18,77,75,5.75,broken clouds
588,Mount Gambier,AU,-37.8333,140.7667,47.03,85,54,8.12,broken clouds
589,San Policarpo,PH,12.1791,125.5072,81.91,78,9,3.47,clear sky
590,Japura,ID,-0.3167,102.35,74.39,97,89,2.48,overcast clouds
591,West Bay,KY,19.3667,-81.4167,87.87,70,20,9.22,few clouds
592,Hirara,JP,24.8,125.2833,84.92,78,2,11.99,clear sky
593,Nanakuli,US,21.3906,-158.1547,75.45,77,29,13.11,scattered clouds
594,Umred,IN,20.85,79.3333,80.89,87,100,11.18,light rain
595,Athens,GR,37.9795,23.7162,94.24,26,0,11.99,clear sky
596,Yagoua,CM,10.3411,15.2329,87.24,54,38,4.65,scattered clouds
597,Bredy,RU,52.4153,60.3411,64.6,55,9,3.15,clear sky
598,Iisalmi,FI,63.5592,27.1907,77.85,49,97,4.12,overcast clouds
599,Richards Bay,ZA,-28.783,32.0377,66.58,85,5,6.38,clear sky
600,Kabarnet,KE,0.4919,35.743,62.4,66,98,5.17,light rain
601,Hualmay,PE,-11.0964,-77.6139,64.27,76,74,9.53,broken clouds
602,Lokosovo,RU,61.1333,74.8167,56.86,71,82,8.08,broken clouds
603,Chifeng,CN,42.2683,118.9636,70.47,70,26,1.12,scattered clouds
604,Bagdarin,RU,54.4333,113.6,62.19,83,100,2.84,overcast clouds
605,Nanga Eboko,CM,4.6833,12.3667,76.01,87,79,2.75,light rain
606,Artyom,AZ,40.4723,50.333,78.94,75,4,24.83,clear sky
607,Takoradi,GH,4.8845,-1.7554,78.3,64,27,11.79,scattered clouds
608,Lushoto,TZ,-4.7833,38.2833,54.0,86,65,4.21,broken clouds
609,Morgan City,US,29.6994,-91.2068,91.0,57,24,8.52,few clouds
610,Bakel,SN,14.905,-12.4568,79.12,82,100,7.85,light rain
611,Laguna,US,38.421,-121.4238,84.94,60,0,1.99,clear sky
612,Pangai,TO,-19.8,-174.35,76.69,69,0,11.92,clear sky
613,Laranjeiras Do Sul,BR,-25.4078,-52.4161,72.61,60,67,6.73,broken clouds
614,Olavarria,AR,-36.8927,-60.3225,55.02,43,51,8.05,broken clouds
615,Calabozo,VE,8.9242,-67.4293,83.08,68,71,4.34,broken clouds
616,Barranca,PE,-10.75,-77.7667,64.4,74,85,10.94,overcast clouds
617,Surt,LY,31.2089,16.5887,81.84,57,0,14.41,clear sky
618,Karasjok,NO,69.4719,25.5112,58.24,97,100,2.66,light rain
619,Georgiyevskoye,RU,58.731,45.024,64.29,73,100,4.12,overcast clouds
620,Kushiro,JP,42.975,144.3747,60.26,87,91,2.15,overcast clouds
621,Anderson,US,34.5334,-82.6499,82.26,60,97,14.58,light rain
622,Tottori,JP,35.5,134.2333,75.94,92,13,6.33,few clouds
623,Maryville,US,35.7565,-83.9705,81.12,60,81,10.65,broken clouds
624,Ternate,ID,0.8,127.4,79.97,79,100,3.24,light rain
625,Valente,BR,-11.4122,-39.4619,78.37,53,99,9.44,overcast clouds
626,Khorixas,NA,-20.3667,14.9667,77.47,14,0,3.96,clear sky
627,Sidney,AU,-33.8679,151.2073,58.28,83,100,5.01,light rain
628,Seidu,SL,9.0167,-10.6,68.99,95,100,3.6,overcast clouds
629,Vao,NC,-22.6667,167.4833,73.04,91,6,19.42,clear sky
630,Sokol,RU,59.4617,40.1206,68.05,68,87,1.3,overcast clouds
631,Tautira,PF,-17.7333,-149.15,75.13,78,14,10.96,light rain
632,Tarragona,ES,41.129,1.249,88.39,50,20,10.36,few clouds
633,Whitianga,NZ,-36.8333,175.7,46.06,89,72,7.72,broken clouds
634,Urengoy,RU,65.9667,78.3667,47.55,82,100,4.36,overcast clouds
635,Malindi,KE,-3.2175,40.1191,75.16,79,7,19.13,clear sky
636,Basco,PH,20.4487,121.9702,85.26,80,6,12.48,clear sky
637,Gatesville,US,31.4352,-97.7439,92.35,53,0,5.55,clear sky
638,Hanchuan,CN,30.65,113.7667,81.68,85,82,6.62,broken clouds
639,Suluq,LY,31.6682,20.2521,85.23,34,0,20.62,clear sky
640,Watsa,CD,3.0372,29.5355,73.02,73,70,0.49,broken clouds
641,Kangalassy,RU,62.3464,129.9628,64.33,72,42,1.92,scattered clouds
642,Yenagoa,NG,4.9247,6.2642,80.1,73,100,8.88,light rain
643,Tanete,ID,-3.9443,119.7848,73.76,98,59,4.56,broken clouds
644,Cavalcante,BR,-13.7975,-47.4583,82.35,30,31,8.12,scattered clouds
645,Limbang,MY,4.75,115.0,82.51,89,100,1.81,overcast clouds
646,Nyurba,RU,63.2842,118.3319,54.9,95,99,4.88,overcast clouds
647,Hakui,JP,36.8833,136.7833,75.69,97,99,6.42,overcast clouds
648,Port Angeles,US,48.1181,-123.4307,71.56,78,100,11.5,mist
649,Bandon,IE,51.7469,-8.7425,66.45,61,100,9.62,overcast clouds
650,Jutai,BR,-5.1833,-68.9,90.09,49,34,1.9,scattered clouds
651,Half Moon Bay,US,37.4636,-122.4286,66.87,85,100,9.22,mist
652,Phangnga,TH,8.4509,98.5298,82.44,89,100,2.33,overcast clouds
653,Esmeraldas,BR,-19.7625,-44.3139,79.79,34,9,7.0,clear sky
654,Seredka,RU,58.1584,28.1858,76.75,53,0,8.41,clear sky
655,Marsh Harbour,BS,26.5412,-77.0636,83.32,71,9,12.68,clear sky
656,Ewa Beach,US,21.3156,-158.0072,75.43,83,30,11.99,scattered clouds
657,Kiunga,PG,-6.1219,141.2906,72.16,100,83,1.7,broken clouds
658,Portsmouth,GB,50.799,-1.0913,76.17,74,93,1.99,overcast clouds
659,Morlaix,FR,48.5833,-4.0,69.22,69,75,11.5,broken clouds
660,Sabang,ID,5.8933,95.3214,83.28,73,100,12.75,moderate rain
661,Gayny,RU,60.3071,54.3241,62.65,80,45,3.27,scattered clouds
662,Puqi,CN,29.7167,113.8833,82.24,80,80,4.97,broken clouds
663,Sampit,ID,-2.5333,112.95,74.37,99,76,2.19,broken clouds
664,Puri,IN,19.8,85.85,82.92,82,100,8.5,overcast clouds
665,Kidal,ML,18.4411,1.4078,100.22,21,34,7.2,scattered clouds
666,Lazaro Cardenas,MX,17.9583,-102.2,86.86,67,91,5.82,overcast clouds
667,Nishihara,JP,26.1842,127.7558,83.48,94,30,10.36,scattered clouds
668,Notre-Dame-Du-Lac,CA,47.6136,-68.7964,81.88,70,100,13.27,overcast clouds
669,Horki,BY,54.2861,30.9842,67.21,80,6,11.56,light rain
670,Hare Bay,CA,48.8499,-54.0148,70.2,62,99,13.42,overcast clouds
671,Zhigansk,RU,66.7697,123.3711,57.54,95,100,9.64,light rain
672,Surovatikha,RU,55.7652,43.8984,59.52,91,100,10.04,overcast clouds
673,Kedgwick,CA,47.6446,-67.3434,76.5,64,88,7.54,overcast clouds
674,Pundaguitan,PH,6.3711,126.1689,81.63,77,97,2.98,overcast clouds
675,Sao Paulo De Olivenca,BR,-3.3783,-68.8725,83.5,71,58,2.19,broken clouds
676,Evensk,RU,61.95,159.2333,55.02,52,4,9.22,clear sky
677,Kloulklubed,PW,7.0419,134.2556,75.7,73,100,1.81,overcast clouds
678,Ucluelet,CA,48.9329,-125.5528,57.09,93,60,1.01,broken clouds
679,Kavaratti,IN,10.5669,72.642,80.96,82,91,20.8,overcast clouds
680,Mayya,RU,61.7333,130.2811,63.72,69,76,4.09,broken clouds
681,Batsfjord,NO,70.6345,29.7185,65.98,68,75,9.22,light rain
682,Birin,NP,26.8865,88.0718,65.53,91,100,3.74,overcast clouds
683,Seydi,TM,39.4816,62.9137,100.15,9,0,13.38,clear sky
684,Myslenice,PL,49.8338,19.9383,89.98,35,5,6.4,clear sky
685,Kem,RU,64.9555,34.5793,62.22,72,50,6.29,scattered clouds
686,Yulara,AU,-25.2406,130.9889,51.06,39,4,8.68,clear sky
687,Pimenta Bueno,BR,-11.6725,-61.1936,94.19,23,4,4.09,clear sky
688,Lagos,NG,6.5833,3.75,79.86,71,97,8.39,overcast clouds
689,Sulangan,PH,11.1373,123.7228,84.72,74,100,8.3,overcast clouds
